Month,Category,Reported decisions,Fully automated %,Partially automated %,Non-automated %,Days present,Days expected,Coverage gap
2024-01,Illegal or harmful speech,29398094,98.5084679299277,0.0,1.4915320700722978,31,31,False
2024-01,Risk for public security,708,0.0,0.0,100.0,31,31,False
2024-01,Protection of minors,1599902,20.08641779308983,0.0,79.91358220691018,31,31,False
2024-02,Illegal or harmful speech,27029152,98.68668095839632,0.0,1.3133190416036729,29,29,False
2024-02,Risk for public security,544,0.0,0.0,100.0,29,29,False
2024-02,Protection of minors,1642570,18.818132560560585,0.0,81.18186743943942,29,29,False
2024-03,Illegal or harmful speech,31990729,98.57769105543046,0.0,1.4223089445695345,31,31,False
2024-03,Risk for public security,449,0.0,0.0,100.0,31,31,False
2024-03,Protection of minors,10618869,81.75752992150106,0.0,18.242470078498943,31,31,False
2024-04,Illegal or harmful speech,28236430,98.67625971130202,0.0,1.3237402886979694,30,30,False
2024-04,Risk for public security,513,0.0,0.0,100.0,30,30,False
2024-04,Protection of minors,10840655,88.0352617069725,0.0,11.964738293027496,30,30,False
2024-05,Illegal or harmful speech,33453796,98.80006143398495,0.0,1.1999385660150494,31,31,False
2024-05,Risk for public security,498,0.0,0.0,100.0,31,31,False
2024-05,Protection of minors,3069454,64.79256571364158,0.0,35.20743428635842,31,31,False
2024-06,Illegal or harmful speech,37943119,98.77346403704978,0.0,1.2265359629502255,25,30,True
2024-06,Risk for public security,291,0.0,0.0,100.0,25,30,True
2024-06,Protection of minors,1598532,40.612637094534236,0.0,59.38736290546577,25,30,True
2024-07,Illegal or harmful speech,40406363,98.5826959976576,0.0,1.4173040023424033,31,31,False
2024-07,Risk for public security,396,0.0,0.0,100.0,31,31,False
2024-07,Protection of minors,1900389,43.858073268157206,0.0,56.141926731842794,31,31,False
2024-08,Illegal or harmful speech,39153026,98.61143810442647,0.0,1.3885618955735375,31,31,False
2024-08,Risk for public security,480,0.0,0.0,100.0,31,31,False
2024-08,Protection of minors,1879541,44.22904315468511,0.0,55.77095684531489,31,31,False
2024-09,Illegal or harmful speech,35729899,98.51011613550881,0.0,1.4898838644911927,30,30,False
2024-09,Risk for public security,316,0.0,0.0,100.0,30,30,False
2024-09,Protection of minors,1443879,43.02015612111541,0.0,56.97984387888459,30,30,False
2024-10,Illegal or harmful speech,35668032,98.72142931799546,0.0,1.2785706820045468,31,31,False
2024-10,Risk for public security,406,0.0,0.0,100.0,31,31,False
2024-10,Protection of minors,2831176,21.40393250013422,0.0,78.59606749986578,31,31,False
2024-11,Illegal or harmful speech,35153754,98.6923302700474,0.0,1.3076697299525963,30,30,False
2024-11,Risk for public security,1017,0.0,0.0,100.0,30,30,False
2024-11,Protection of minors,1350386,45.2400276661636,0.0,54.7599723338364,30,30,False
2024-12,Illegal or harmful speech,38017649,98.58425490750362,0.0,1.4157450924963824,31,31,False
2024-12,Risk for public security,493,0.0,0.0,100.0,31,31,False
2024-12,Protection of minors,1231570,44.85015062075237,0.0,55.14984937924763,31,31,False
2025-01,Illegal or harmful speech,47034983,98.56676253077417,0.0,1.4332374692258314,31,31,False
2025-01,Risk for public security,477,0.0,0.0,100.0,31,31,False
2025-01,Protection of minors,1562336,45.271055650001024,0.0,54.728944349998976,31,31,False
2025-02,Illegal or harmful speech,72264935,98.84153220368911,0.0,1.158467796310894,28,28,False
2025-02,Risk for public security,474,0.0,0.0,100.0,28,28,False
2025-02,Protection of minors,2112797,42.15909053259731,0.0,57.84090946740269,28,28,False
2025-03,Illegal or harmful speech,98786670,98.71646650302111,0.0,1.283533496978894,31,31,False
2025-03,Risk for public security,602,0.0,0.0,100.0,31,31,False
2025-03,Protection of minors,2627122,40.237263438850576,0.0,59.762736561149424,31,31,False
2025-04,Illegal or harmful speech,93085202,98.66462233169993,0.0,1.335377668300059,30,30,False
2025-04,Risk for public security,425,0.0,0.0,100.0,30,30,False
2025-04,Protection of minors,3240978,36.54140817987657,0.0,63.45859182012343,30,30,False
2025-05,Illegal or harmful speech,52535962,99.2185105509251,0.0,0.7814894490749023,31,31,False
2025-05,Risk for public security,220,0.0,0.0,100.0,31,31,False
2025-05,Protection of minors,1498247,36.79039570911872,0.0,63.20960429088127,31,31,False
2025-06,Illegal or harmful speech,35917065,98.63250797357746,0.0,1.3674920264225376,30,30,False
2025-06,Risk for public security,340,0.0,0.0,100.0,30,30,False
2025-06,Protection of minors,1600102,37.90920828797164,0.0,62.09079171202836,30,30,False
2025-07,Illegal or harmful speech,11647731,98.36820579046683,8.585363106342343e-06,1.6317856241700637,31,31,False
2025-07,Risk for public security,89,0.0,0.0,100.0,31,31,False
2025-07,Protection of minors,695200,46.97756041426928,0.024309551208285384,52.99813003452244,31,31,False
2025-08,Illegal or harmful speech,10342009,97.07489134847978,0.0,2.925108651520222,31,31,False
2025-08,Risk for public security,174,0.0,0.0,100.0,31,31,False
2025-08,Protection of minors,1135996,52.05115158856193,0.013116243367054109,47.93573216807101,31,31,False
2025-09,Illegal or harmful speech,1136598,97.09431126924383,0.0,2.905688730756169,4,30,True
2025-09,Risk for public security,33,0.0,0.0,100.0,4,30,True
2025-09,Protection of minors,135031,51.889566099636376,0.014070842991609333,48.09636305737201,4,30,True
2025-10,Illegal or harmful speech,7456144,96.70069408530738,0.0,3.2993059146926345,22,31,True
2025-10,Risk for public security,200,0.0,0.0,100.0,22,31,True
2025-10,Protection of minors,907692,49.84763554157137,0.008262714665327004,50.1441017437633,22,31,True
2025-11,Illegal or harmful speech,2168671,96.09502778429739,0.0,3.904972215702612,30,30,False
2025-11,Risk for public security,25,0.0,0.0,100.0,30,30,False
2025-11,Protection of minors,295791,51.55295461998506,0.003380765472918378,48.44366461454202,30,30,False
2025-12,Illegal or harmful speech,2499150,91.96202708921032,0.00012004081387671809,8.037852869975792,30,31,True
2025-12,Risk for public security,186,0.0,0.0,100.0,30,31,True
2025-12,Protection of minors,312521,33.308481670031775,0.007679483938679321,66.68383884602954,30,31,True
